Url, Site, Type, Size, Date Created, Date Modified, Sub-Directories, Owner
\\lehi3\www$\.DS_Store, \, .DS_Store, 53252B, 2010/06/02, 2020/02/21, 0, BYUI\huffn
\\lehi3\www$\AcademicPrograms.htm, \, .htm, 7178B, 2006/03/31, 2010/02/03, 0, S-1-5-21-1606980848-308236825-1801674531-31800
\\lehi3\www$\AcademicPrograms.htm.bak, \, .bak, 2721B, 2006/03/31, 2005/11/14, 0, BUILTIN\Administrators
\\lehi3\www$\AcademicPrograms[1].txt, \, .txt, 2620B, 2006/07/19, 2006/07/19, 0, BUILTIN\Administrators
\\lehi3\www$\AcademicPrograms_fix.htm, \, .htm, 2539B, 2006/03/31, 2005/07/14, 0, S-1-5-21-1606980848-308236825-1801674531-28625
\\lehi3\www$\AcademicPrograms_fix2.htm, \, .htm, 2511B, 2006/03/31, 2005/07/14, 0, S-1-5-21-1606980848-308236825-1801674531-28625
\\lehi3\www$\ada2.jpg, \, .jpg, 774B, 2008/07/14, 2008/07/14, 0, BYUI\jsm2
\\lehi3\www$\ApplicationsManagement.dll, \, .dll, 36864B, 2006/03/31, 2001/07/10, 0, BUILTIN\Administrators
\\lehi3\www$\arrow.gif, \, .gif, 61B, 2006/03/31, 2004/12/28, 0, S-1-5-21-1606980848-308236825-1801674531-28625
\\lehi3\www$\Art.pdf, \, .pdf, 215095B, 2016/04/08, 2015/12/18, 0, BUILTIN\Administrators
\\lehi3\www$\AudacityScreen.gif, \, .gif, 2794B, 2010/01/13, 2010/01/13, 0, BYUI\schaatg
\\lehi3\www$\catalog-archive.zip, \, .zip, 175445552B, 2012/06/07, 2012/06/07, 0, BUILTIN\Administrators
\\lehi3\www$\central.asp, \, .asp, 438B, 2014/01/15, 2013/12/26, 0, BYUI\mtaylor7
\\lehi3\www$\ClubExplanation.htm, \, .htm, 1995B, 2006/03/31, 2007/03/29, 0, BUILTIN\Administrators
\\lehi3\www$\CommonEmail.html, \, .html, 9172B, 2008/06/18, 2012/01/20, 0, S-1-5-21-1606980848-308236825-1801674531-84305
\\lehi3\www$\contacts.htm, \, .htm, 8906B, 2009/09/01, 2009/09/01, 0, BUILTIN\Administrators
\\lehi3\www$\Copy (2) of default.htm, \, .htm, 16431B, 2008/01/22, 2008/01/04, 0, BUILTIN\Administrators
\\lehi3\www$\Copy (3) of default.htm, \, .htm, 15196B, 2013/12/11, 2012/01/17, 0, BUILTIN\Administrators
\\lehi3\www$\Copy of default.htm, \, .htm, 16053B, 2006/03/31, 2012/01/19, 0, S-1-5-21-1606980848-308236825-1801674531-28625
\\lehi3\www$\Copy of test.htm, \, .htm, 16117B, 2009/10/19, 2012/01/19, 0, BYUI\adam83
\\lehi3\www$\crossdomain.xml, \, .xml, 240B, 2009/02/13, 2009/02/13, 0, BYUI\squireso
\\lehi3\www$\default (2).htm, \, .htm, 17760B, 2006/03/31, 2010/10/14, 0, S-1-5-21-1606980848-308236825-1801674531-28625
\\lehi3\www$\default-before_net_upgrade.htm, \, .htm, 16859B, 2009/07/12, 2009/06/12, 0, BUILTIN\Administrators
\\lehi3\www$\default-May2011.htm, \, .htm, 19318B, 2006/03/31, 2011/05/03, 0, BYUI\pboss
\\lehi3\www$\default-Nov2011.htm, \, .htm, 15184B, 2011/05/02, 2011/10/07, 0, BYUI\millsr
\\lehi3\www$\default-Oct2011.htm, \, .htm, 15184B, 2011/10/16, 2011/10/07, 0, BUILTIN\Administrators
\\lehi3\www$\default.htm, \, .htm, 14297B, 2011/05/02, 2013/12/11, 0, BUILTIN\Administrators
\\lehi3\www$\default.htm.bak, \, .bak, 16439B, 2006/03/31, 2012/01/19, 0, BUILTIN\Administrators
\\lehi3\www$\default.htm.old.2007-25-09, \, .2007-25-09, 16443B, 2007/09/25, 2012/01/19, 0, BYUI\darickc
\\lehi3\www$\default2.htm, \, .htm, 16482B, 2007/01/05, 2012/01/19, 0, BUILTIN\Administrators
\\lehi3\www$\default3.htm, \, .htm, 16432B, 2007/12/20, 2007/12/20, 0, BYUI\jsm2
\\lehi3\www$\defaultCSS.htm, \, .htm, 11598B, 2006/03/31, 2012/01/19, 0, S-1-5-21-1606980848-308236825-1801674531-17679
\\lehi3\www$\defaultJ.htm, \, .htm, 17860B, 2010/03/02, 2010/03/02, 0, BYUI\skabone
\\lehi3\www$\defaultnew.htm, \, .htm, 16929B, 2006/03/31, 2010/01/15, 0, BUILTIN\Administrators
\\lehi3\www$\defaultnew.htm.bak, \, .bak, 16439B, 2006/03/31, 2012/01/19, 0, BUILTIN\Administrators
\\lehi3\www$\defaultpaul.htm, \, .htm, 19246B, 2006/03/31, 2011/09/01, 0, BYUI\pboss
\\lehi3\www$\defaulttext.asp, \, .asp, 12946B, 2006/03/31, 2006/11/29, 0, BUILTIN\Administrators
\\lehi3\www$\defaulttext.htm, \, .htm, 10566B, 2008/01/23, 2010/05/03, 0, BUILTIN\Administrators
\\lehi3\www$\defaulttext1.asp, \, .asp, 14796B, 2006/03/31, 2004/10/14, 0, S-1-5-21-1606980848-308236825-1801674531-17679
\\lehi3\www$\defaulttime.htm, \, .htm, 16763B, 2008/04/18, 2008/04/18, 0, S-1-5-21-1606980848-308236825-1801674531-28973
\\lehi3\www$\defaultXML.asp, \, .asp, 6215B, 2006/03/31, 2012/01/19, 0, S-1-5-21-1606980848-308236825-1801674531-17679
\\lehi3\www$\defaultXML.htm, \, .htm, 6313B, 2006/03/31, 2012/01/19, 0, S-1-5-21-1606980848-308236825-1801674531-17679
\\lehi3\www$\defaultXML1.asp, \, .asp, 6786B, 2006/03/31, 2012/01/19, 0, S-1-5-21-1606980848-308236825-1801674531-17679
\\lehi3\www$\default_before_meta_tags.htm, \, .htm, 16047B, 2006/03/31, 2012/01/19, 0, BUILTIN\Administrators
\\lehi3\www$\default_BU_KR.htm, \, .htm, 14550B, 2011/05/02, 2011/07/27, 0, BYUI\kirkr92
\\lehi3\www$\default_nav_test.htm, \, .htm, 6401B, 2006/03/31, 2010/10/14, 0, BYUI\skabone
\\lehi3\www$\default_new.htm, \, .htm, 15943B, 2006/03/31, 2012/01/19, 0, S-1-5-21-1606980848-308236825-1801674531-28625
\\lehi3\www$\disclaimer-housing.asp, \, .asp, 2350B, 2006/03/31, 2001/08/06, 0, BUILTIN\Administrators
\\lehi3\www$\disclaimer.asp, \, .asp, 7364B, 2008/02/05, 2008/02/05, 0, S-1-5-21-1606980848-308236825-1801674531-28973
\\lehi3\www$\disclaimerold.asp, \, .asp, 1932B, 2006/03/31, 2001/08/06, 0, BUILTIN\Administrators
\\lehi3\www$\favicon.ico, \, .ico, 1406B, 2006/03/31, 2006/01/06, 0, S-1-5-21-1606980848-308236825-1801674531-38223
\\lehi3\www$\favicon1.ico, \, .ico, 1406B, 2006/03/31, 2004/01/23, 0, S-1-5-21-1606980848-308236825-1801674531-38223
\\lehi3\www$\footer.xml, \, .xml, 1499B, 2006/03/31, 2004/10/29, 0, S-1-5-21-1606980848-308236825-1801674531-17679
\\lehi3\www$\footer.xsl, \, .xsl, 1683B, 2006/03/31, 2004/11/01, 0, S-1-5-21-1606980848-308236825-1801674531-17679
\\lehi3\www$\FreeMind-pc.zip, \, .zip, 13641195B, 2011/06/03, 2011/06/03, 0, BUILTIN\Administrators
\\lehi3\www$\go.gif, \, .gif, 1709B, 2006/03/31, 2004/08/09, 0, S-1-5-21-1606980848-308236825-1801674531-17679
\\lehi3\www$\googlee71d88d7cad75d97.html, \, .html, 53B, 2013/03/20, 2013/03/20, 0, BUILTIN\Administrators
\\lehi3\www$\googlehostedservice.html, \, .html, 22B, 2008/06/30, 2008/06/30, 0, BUILTIN\Administrators
\\lehi3\www$\GovernmentResources.htm, \, .htm, 2149B, 2006/03/31, 2004/08/11, 0, BUILTIN\Administrators
\\lehi3\www$\go_over.gif, \, .gif, 1722B, 2006/03/31, 2004/09/02, 0, S-1-5-21-1606980848-308236825-1801674531-17679
\\lehi3\www$\hilites.xml, \, .xml, 918B, 2006/03/31, 2004/10/27, 0, S-1-5-21-1606980848-308236825-1801674531-17679
\\lehi3\www$\hilites.xsl, \, .xsl, 1552B, 2006/03/31, 2004/10/28, 0, S-1-5-21-1606980848-308236825-1801674531-17679
\\lehi3\www$\holder.gif, \, .gif, 817B, 2006/03/31, 2001/08/09, 0, BUILTIN\Administrators
\\lehi3\www$\i-learn alias, i-learn alias, , 1939012B, 2013/02/25, 2013/02/25, 0, BUILTIN\Administrators
\\lehi3\www$\igx3serverstats.jpg, \, .jpg, 514189B, 2018/05/21, 2018/05/21, 0, BUILTIN\Administrators
\\lehi3\www$\line.gif, \, .gif, 35B, 2006/03/31, 2001/07/17, 0, BUILTIN\Administrators
\\lehi3\www$\Linux_certs_2012.tgz, \, .tgz, 5802B, 2009/05/09, 2009/04/17, 0, BUILTIN\Administrators
\\lehi3\www$\load.asp, \, .asp, 1826B, 2011/03/22, 2011/03/25, 0, BUILTIN\Administrators
\\lehi3\www$\login.gif, \, .gif, 1809B, 2006/03/31, 2004/08/09, 0, S-1-5-21-1606980848-308236825-1801674531-17679
\\lehi3\www$\login_over.gif, \, .gif, 1813B, 2006/03/31, 2004/09/02, 0, S-1-5-21-1606980848-308236825-1801674531-17679
\\lehi3\www$\lookup.asp, \, .asp, 752B, 2006/08/14, 2010/09/17, 0, BUILTIN\Administrators
\\lehi3\www$\lookup2.asp, \, .asp, 3244B, 2010/09/20, 2010/09/24, 0, BYUI\hepshaw
\\lehi3\www$\mediaspacetheming.zip, \, .zip, 964584B, 2013/04/23, 2013/04/19, 0, BYUI\doughogg
\\lehi3\www$\name.gif, \, .gif, 1793B, 2006/03/31, 2001/08/09, 0, BUILTIN\Administrators
\\lehi3\www$\navLinks.xml, \, .xml, 773B, 2006/03/31, 2004/10/29, 0, S-1-5-21-1606980848-308236825-1801674531-17679
\\lehi3\www$\navLinks.xsl, \, .xsl, 699B, 2006/03/31, 2004/10/28, 0, S-1-5-21-1606980848-308236825-1801674531-17679
\\lehi3\www$\news.xml, \, .xml, 879B, 2006/03/31, 2004/10/28, 0, S-1-5-21-1606980848-308236825-1801674531-17679
\\lehi3\www$\news.xsl, \, .xsl, 2504B, 2006/03/31, 2012/01/19, 0, S-1-5-21-1606980848-308236825-1801674531-17679
\\lehi3\www$\newS_code.zip, \, .zip, 9554B, 2013/07/26, 2013/07/26, 0, BYUI\doughogg
\\lehi3\www$\new_home.htm, \, .htm, 14561B, 2011/05/02, 2011/05/04, 0, BYUI\pboss
\\lehi3\www$\new_menu1.html, \, .html, 1905B, 2006/03/31, 2005/01/05, 0, S-1-5-21-1606980848-308236825-1801674531-28625
\\lehi3\www$\OLDAcademicPrograms.htm, \, .htm, 2620B, 2006/08/31, 2006/08/31, 0, S-1-5-21-1606980848-308236825-1801674531-31800
\\lehi3\www$\OLDStudentLife.htm, \, .htm, 2547B, 2006/08/31, 2006/08/31, 0, S-1-5-21-1606980848-308236825-1801674531-31800
\\lehi3\www$\pagerror.gif, \, .gif, 2806B, 2006/03/31, 2003/02/21, 0, BUILTIN\Administrators
\\lehi3\www$\qLinks.xml, \, .xml, 2372B, 2006/03/31, 2004/10/28, 0, S-1-5-21-1606980848-308236825-1801674531-17679
\\lehi3\www$\qLinks.xsl, \, .xsl, 1868B, 2006/03/31, 2004/10/29, 0, S-1-5-21-1606980848-308236825-1801674531-17679
\\lehi3\www$\ql_down.gif, \, .gif, 1773B, 2006/03/31, 2004/08/09, 0, S-1-5-21-1606980848-308236825-1801674531-17679
\\lehi3\www$\ql_over.gif, \, .gif, 1786B, 2006/03/31, 2004/08/09, 0, S-1-5-21-1606980848-308236825-1801674531-17679
\\lehi3\www$\ql_static.gif, \, .gif, 1779B, 2006/03/31, 2004/08/09, 0, S-1-5-21-1606980848-308236825-1801674531-17679
\\lehi3\www$\quicklinks.gif, \, .gif, 1773B, 2006/03/31, 2004/08/09, 0, S-1-5-21-1606980848-308236825-1801674531-17679
\\lehi3\www$\Redirector.htm, \, .htm, 87B, 2006/09/06, 2008/09/29, 0, BUILTIN\Administrators
\\lehi3\www$\res.htm, \, .htm, 287B, 2006/03/31, 2004/07/16, 0, S-1-5-21-1606980848-308236825-1801674531-12318
\\lehi3\www$\robots.txt, \, .txt, 132B, 2006/03/31, 2005/02/18, 0, S-1-5-21-1606980848-308236825-1801674531-27627
\\lehi3\www$\search.gif, \, .gif, 335B, 2006/03/31, 2004/08/09, 0, S-1-5-21-1606980848-308236825-1801674531-17679
\\lehi3\www$\search.htm, \, .htm, 5121B, 2011/11/18, 2011/11/18, 0, BUILTIN\Administrators
\\lehi3\www$\searchBox.gif, \, .gif, 1060B, 2006/03/31, 2004/08/09, 0, S-1-5-21-1606980848-308236825-1801674531-17679
\\lehi3\www$\search_over.gif, \, .gif, 644B, 2006/03/31, 2004/09/02, 0, S-1-5-21-1606980848-308236825-1801674531-17679
\\lehi3\www$\Shortcut to genindex.js.lnk, \, .lnk, 1923B, 2006/03/31, 2016/01/06, 0, BUILTIN\Administrators
\\lehi3\www$\Shortcut to WebCameras.lnk, \, .lnk, 1432B, 2007/08/13, 2016/01/06, 0, S-1-5-21-1606980848-308236825-1801674531-28973
\\lehi3\www$\siteindex.htm, \, .htm, 296B, 2006/03/31, 2005/06/23, 0, S-1-5-21-1606980848-308236825-1801674531-38223
\\lehi3\www$\siteindex_backup.htm, \, .htm, 37092B, 2006/03/31, 2005/06/23, 0, S-1-5-21-1606980848-308236825-1801674531-28625
\\lehi3\www$\spacer.gif, \, .gif, 43B, 2006/03/31, 2002/05/31, 0, BUILTIN\Administrators
\\lehi3\www$\spacer.jpg, \, .jpg, 631B, 2006/03/31, 2001/06/07, 0, BUILTIN\Administrators
\\lehi3\www$\t.asp, \, .asp, 12337B, 2006/03/31, 2004/05/27, 0, S-1-5-21-1606980848-308236825-1801674531-12318
\\lehi3\www$\test.htm, \, .htm, 16149B, 2006/03/31, 2016/11/30, 0, S-1-5-21-1606980848-308236825-1801674531-17679
\\lehi3\www$\Testdefault.htm, \, .htm, 110B, 2008/01/22, 2004/09/20, 0, BUILTIN\Administrators
\\lehi3\www$\TestPage.htm.bak, \, .bak, 2026B, 2006/03/31, 2004/05/18, 0, BUILTIN\Administrators
\\lehi3\www$\transitionannouncement.htm, \, .htm, 9953B, 2013/06/12, 2007/11/27, 0, BUILTIN\Administrators
\\lehi3\www$\UniversityCommunicatins.jpg, \, .jpg, 40965B, 2011/11/01, 2011/11/01, 0, BUILTIN\Administrators
\\lehi3\www$\ve-124.tmp, \, .tmp, 0B, 2006/03/31, 2004/09/13, 0, S-1-5-21-1606980848-308236825-1801674531-17679
\\lehi3\www$\ve-1B.tmp, \, .tmp, 0B, 2006/03/31, 2004/09/13, 0, S-1-5-21-1606980848-308236825-1801674531-17679
\\lehi3\www$\ve-1B5.tmp, \, .tmp, 0B, 2006/03/31, 2004/09/21, 0, S-1-5-21-1606980848-308236825-1801674531-17679
\\lehi3\www$\ve-283.tmp, \, .tmp, 0B, 2006/03/31, 2004/09/22, 0, S-1-5-21-1606980848-308236825-1801674531-17679
\\lehi3\www$\ve-3BC.tmp, \, .tmp, 0B, 2006/03/31, 2004/10/07, 0, S-1-5-21-1606980848-308236825-1801674531-17679
\\lehi3\www$\ve-5A6.tmp, \, .tmp, 0B, 2006/03/31, 2004/10/28, 0, S-1-5-21-1606980848-308236825-1801674531-17679
\\lehi3\www$\ve-64F.tmp, \, .tmp, 0B, 2006/03/31, 2004/10/29, 0, S-1-5-21-1606980848-308236825-1801674531-17679
\\lehi3\www$\web.config, \, .config, 1133B, 2016/01/21, 2016/10/19, 0, BUILTIN\Administrators
\\lehi3\www$\Wildlife.wmv, \, .wmv, 26246026B, 2014/12/11, 2009/07/13, 0, BUILTIN\Administrators
\\lehi3\www$\xplug.ocx, \, .ocx, 369952B, 2006/03/31, 2002/09/26, 0, S-1-5-21-1606980848-308236825-1801674531-29956
\\lehi3\www$\ZZZcampus7.html, \, .html, 8316B, 2006/03/31, 2005/03/02, 0, S-1-5-21-1606980848-308236825-1801674531-34656
\\lehi3\www$\.Trashes\503\Recovered files\(A Document Being Saved By Coda)\default.htm, \, .htm, 12557B, 2010/09/01, 2010/09/01, 0, BYUI\nathanbt
\\lehi3\www$\AboutBYUI\.DS_Store, AboutBYUI, .DS_Store, 6148B, 2013/02/25, 2013/02/11, 1, BUILTIN\Administrators
\\lehi3\www$\AboutBYUI\.htm, AboutBYUI, .htm, 8288B, 2010/08/12, 2010/08/12, 1, BYUI\rlee8
\\lehi3\www$\AboutBYUI\campuslife.htm, AboutBYUI, .htm, 11069B, 2010/06/14, 2010/07/29, 1, BUILTIN\Administrators
\\lehi3\www$\AboutBYUI\contacts.htm, AboutBYUI, .htm, 9763B, 2006/09/14, 2010/07/30, 1, BYUI\mrb62
\\lehi3\www$\AboutBYUI\default.htm, AboutBYUI, .htm, 12429B, 2010/06/11, 2010/10/20, 1, BUILTIN\Administrators
\\lehi3\www$\AboutBYUI\graduates.htm, AboutBYUI, .htm, 7589B, 2010/06/14, 2010/07/30, 1, BUILTIN\Administrators
\\lehi3\www$\AboutBYUI\legacy.htm, AboutBYUI, .htm, 14386B, 2010/06/14, 2010/07/30, 1, BUILTIN\Administrators
\\lehi3\www$\AboutBYUI\mission.htm, AboutBYUI, .htm, 7496B, 2010/06/14, 2010/07/29, 1, BUILTIN\Administrators
\\lehi3\www$\AboutBYUI\participant.htm, AboutBYUI, .htm, 7255B, 2010/06/14, 2010/07/29, 1, BUILTIN\Administrators
\\lehi3\www$\AboutBYUI\spiritofricks.htm, AboutBYUI, .htm, 7504B, 2010/06/14, 2010/06/14, 1, BUILTIN\Administrators
\\lehi3\www$\AboutBYUI\studyandfaith.htm, AboutBYUI, .htm, 12799B, 2010/06/14, 2010/07/29, 1, BUILTIN\Administrators
\\lehi3\www$\AboutBYUI\test.htm, AboutBYUI, .htm, 7067B, 2010/08/12, 2010/08/12, 1, BYUI\rlee8
\\lehi3\www$\AboutBYUI\testdoc5.txt, AboutBYUI, .txt, 7B, 2016/10/11, 2016/11/29, 1, BUILTIN\Administrators
\\lehi3\www$\AboutBYUI\today.htm, AboutBYUI, .htm, 9870B, 2010/06/14, 2010/07/29, 1, BUILTIN\Administrators
\\lehi3\www$\AboutBYUI\images_about_byui\._CampusView.jpg, AboutBYUI, .jpg, 72787B, 2010/07/07, 2010/07/07, 2, BYUI\mrb62
\\lehi3\www$\AboutBYUI\images_about_byui\080917_StuTraffic_15.jpg, AboutBYUI, .jpg, 103598B, 2010/06/14, 2010/06/14, 2, BUILTIN\Administrators
\\lehi3\www$\AboutBYUI\images_about_byui\campuslife.jpg, AboutBYUI, .jpg, 3955B, 2010/06/14, 2010/06/14, 2, BUILTIN\Administrators
\\lehi3\www$\AboutBYUI\images_about_byui\CampusView.jpg, AboutBYUI, .jpg, 152944B, 2010/07/07, 2010/07/07, 2, BYUI\mrb62
\\lehi3\www$\AboutBYUI\images_about_byui\classroom_01.jpg, AboutBYUI, .jpg, 2997B, 2010/06/09, 2010/06/09, 2, BUILTIN\Administrators
\\lehi3\www$\AboutBYUI\images_about_byui\classroom_02.jpg, AboutBYUI, .jpg, 3950B, 2010/06/14, 2010/06/14, 2, BUILTIN\Administrators
\\lehi3\www$\AboutBYUI\images_about_byui\graduate.jpg, AboutBYUI, .jpg, 3192B, 2010/06/09, 2010/06/09, 2, BUILTIN\Administrators
\\lehi3\www$\AboutBYUI\images_about_byui\rc_beginnings.jpg, AboutBYUI, .jpg, 2598B, 2010/06/14, 2010/06/14, 2, BUILTIN\Administrators
\\lehi3\www$\AboutBYUI\images_about_byui\ricks_academy.jpg, AboutBYUI, .jpg, 2067B, 2010/06/14, 2010/06/14, 2, BUILTIN\Administrators
\\lehi3\www$\AboutBYUI\images_about_byui\soccer.jpg, AboutBYUI, .jpg, 3712B, 2010/06/14, 2010/06/14, 2, BUILTIN\Administrators
\\lehi3\www$\AboutBYUI\images_about_byui\sports.jpg, AboutBYUI, .jpg, 3498B, 2010/06/14, 2010/06/14, 2, BUILTIN\Administrators
\\lehi3\www$\AboutBYUI\images_about_byui\student_01.jpg, AboutBYUI, .jpg, 2419B, 2010/06/09, 2010/06/09, 2, BUILTIN\Administrators
\\lehi3\www$\AboutBYUI\images_about_byui\student_smiling.jpg, AboutBYUI, .jpg, 3133B, 2010/06/14, 2010/06/14, 2, BUILTIN\Administrators
\\lehi3\www$\AboutBYUI\images_about_byui\taylor_01.jpg, AboutBYUI, .jpg, 2100B, 2010/06/09, 2010/06/09, 2, BUILTIN\Administrators
\\lehi3\www$\AboutBYUI\templateSupport\leftLinks.inc, AboutBYUI, .inc, 1603B, 2010/06/08, 2010/10/20, 2, BYUI\mrb62
\\lehi3\www$\AboutBYUI\templateSupport\sectionTitle.inc, AboutBYUI, .inc, 91B, 2010/06/08, 2015/10/06, 2, BYUI\mrb62
\\lehi3\www$\AboutBYUIdaho\.DS_Store, AboutBYUIdaho, .DS_Store, 6148B, 2013/02/25, 2013/02/11, 1, BUILTIN\Administrators
\\lehi3\www$\AboutBYUIdaho\.htm, AboutBYUIdaho, .htm, 8300B, 2007/09/27, 2007/09/27, 1, BYUI\sykes
\\lehi3\www$\AboutBYUIdaho\academics.htm, AboutBYUIdaho, .htm, 12601B, 2006/09/14, 2009/03/05, 1, BUILTIN\Administrators
\\lehi3\www$\AboutBYUIdaho\activities.htm, AboutBYUIdaho, .htm, 8964B, 2006/09/14, 2008/01/23, 1, BUILTIN\Administrators
\\lehi3\www$\AboutBYUIdaho\campuslife.htm, AboutBYUIdaho, .htm, 10365B, 2006/09/14, 2008/01/03, 1, BUILTIN\Administrators
\\lehi3\www$\AboutBYUIdaho\contacts.htm, AboutBYUIdaho, .htm, 9429B, 2006/09/14, 2011/01/21, 1, BUILTIN\Administrators
\\lehi3\www$\AboutBYUIdaho\default.htm, AboutBYUIdaho, .htm, 9583B, 2006/09/14, 2007/11/27, 1, BUILTIN\Administrators
\\lehi3\www$\AboutBYUIdaho\future.htm, AboutBYUIdaho, .htm, 9465B, 2006/09/14, 2007/11/27, 1, BUILTIN\Administrators
\\lehi3\www$\AboutBYUIdaho\graduate.htm, AboutBYUIdaho, .htm, 8701B, 2006/09/14, 2007/11/27, 1, BUILTIN\Administrators
\\lehi3\www$\AboutBYUIdaho\history.htm, AboutBYUIdaho, .htm, 10517B, 2006/09/14, 2007/11/27, 1, BUILTIN\Administrators
\\lehi3\www$\AboutBYUIdaho\transitionannouncement.htm, AboutBYUIdaho, .htm, 9953B, 2006/11/10, 2007/11/27, 1, S-1-5-21-1292428093-1788223648-682003330-13292
\\lehi3\www$\AboutBYUIdaho\x.htm, AboutBYUIdaho, .htm, 8662B, 2007/11/27, 2007/11/27, 1, BYUI\sykes
\\lehi3\www$\AboutBYUIdaho\xyz.htm, AboutBYUIdaho, .htm, 8662B, 2007/09/26, 2007/09/26, 1, BYUI\sykes
\\lehi3\www$\AboutBYUIdaho\templateSupport\leftLinks.inc, AboutBYUIdaho, .inc, 1087B, 2006/09/14, 2011/01/21, 2, BUILTIN\Administrators
\\lehi3\www$\AboutBYUIdaho\templateSupport\sectionTitle.inc, AboutBYUIdaho, .inc, 127B, 2006/09/14, 2015/10/15, 2, BUILTIN\Administrators
\\lehi3\www$\AcademicCouncil\1989\89_08_14.htm, AcademicCouncil, .htm, 6644B, 2006/03/31, 1999/08/16, 2, BUILTIN\Administrators
\\lehi3\www$\AcademicCouncil\1989\89_08_29.htm, AcademicCouncil, .htm, 5549B, 2006/03/31, 1999/08/16, 2, BUILTIN\Administrators
\\lehi3\www$\AcademicCouncil\1989\89_09_05.htm, AcademicCouncil, .htm, 7212B, 2006/03/31, 1999/08/23, 2, BUILTIN\Administrators
\\lehi3\www$\AcademicCouncil\1989\89_09_12.htm, AcademicCouncil, .htm, 4165B, 2006/03/31, 1999/08/23, 2, BUILTIN\Administrators
\\lehi3\www$\AcademicCouncil\1989\89_09_14.htm, AcademicCouncil, .htm, 17143B, 2006/03/31, 1999/08/23, 2, BUILTIN\Administrators
\\lehi3\www$\AcademicCouncil\1989\89_10_03.htm, AcademicCouncil, .htm, 6156B, 2006/03/31, 1999/08/18, 2, BUILTIN\Administrators
\\lehi3\www$\AcademicCouncil\1989\89_10_10.htm, AcademicCouncil, .htm, 5583B, 2006/03/31, 1999/08/18, 2, BUILTIN\Administrators
\\lehi3\www$\AcademicCouncil\1989\89_10_19.htm, AcademicCouncil, .htm, 3867B, 2006/03/31, 1999/08/18, 2, BUILTIN\Administrators
\\lehi3\www$\AcademicCouncil\1989\89_10_24.htm, AcademicCouncil, .htm, 6226B, 2006/03/31, 1999/08/18, 2, BUILTIN\Administrators
\\lehi3\www$\AcademicCouncil\1989\89_10_26.htm, AcademicCouncil, .htm, 5123B, 2006/03/31, 1999/08/18, 2, BUILTIN\Administrators
\\lehi3\www$\AcademicCouncil\1989\89_11_14.htm, AcademicCouncil, .htm, 6609B, 2006/03/31, 1999/08/18, 2, BUILTIN\Administrators
\\lehi3\www$\AcademicCouncil\1989\89_11_21.htm, AcademicCouncil, .htm, 3858B, 2006/03/31, 1999/08/18, 2, BUILTIN\Administrators
\\lehi3\www$\AcademicCouncil\1989\89_11_28.htm, AcademicCouncil, .htm, 5105B, 2006/03/31, 1999/08/18, 2, BUILTIN\Administrators
\\lehi3\www$\AcademicCouncil\1989\89_12_07.htm, AcademicCouncil, .htm, 6361B, 2006/03/31, 1999/08/18, 2, BUILTIN\Administrators
\\lehi3\www$\AcademicCouncil\1989\89_12_12.htm, AcademicCouncil, .htm, 4998B, 2006/03/31, 1999/08/18, 2, BUILTIN\Administrators
\\lehi3\www$\AcademicCouncil\1990\90_01_09.htm, AcademicCouncil, .htm, 5609B, 2006/03/31, 1999/08/23, 2, BUILTIN\Administrators
\\lehi3\www$\AcademicCouncil\1990\90_01_16.htm, AcademicCouncil, .htm, 5451B, 2006/03/31, 1999/08/25, 2, BUILTIN\Administrators
\\lehi3\www$\AcademicCouncil\1990\90_01_23.htm, AcademicCouncil, .htm, 7178B, 2006/03/31, 1999/08/25, 2, BUILTIN\Administrators
\\lehi3\www$\AcademicCouncil\1990\90_01_30.htm, AcademicCouncil, .htm, 7996B, 2006/03/31, 1999/08/25, 2, BUILTIN\Administrators
\\lehi3\www$\AcademicCouncil\1990\90_02_06.htm, AcademicCouncil, .htm, 3179B, 2006/03/31, 1999/08/23, 2, BUILTIN\Administrators
\\lehi3\www$\AcademicCouncil\1990\90_02_08.htm, AcademicCouncil, .htm, 3807B, 2006/03/31, 1999/08/23, 2, BUILTIN\Administrators
\\lehi3\www$\AcademicCouncil\1990\90_02_13.htm, AcademicCouncil, .htm, 6517B, 2006/03/31, 1999/08/23, 2, BUILTIN\Administrators
\\lehi3\www$\AcademicCouncil\1990\90_02_20.htm, AcademicCouncil, .htm, 4742B, 2006/03/31, 1999/08/23, 2, BUILTIN\Administrators
\\lehi3\www$\AcademicCouncil\1990\90_03_06.htm, AcademicCouncil, .htm, 8172B, 2006/03/31, 1999/08/31, 2, BUILTIN\Administrators
\\lehi3\www$\AcademicCouncil\1990\90_03_13.htm, AcademicCouncil, .htm, 5319B, 2006/03/31, 1999/08/31, 2, BUILTIN\Administrators
\\lehi3\www$\AcademicCouncil\1990\90_03_20.htm, AcademicCouncil, .htm, 7045B, 2006/03/31, 1999/08/31, 2, BUILTIN\Administrators
\\lehi3\www$\AcademicCouncil\1990\90_04_10.htm, AcademicCouncil, .htm, 8349B, 2006/03/31, 1999/08/23, 2, BUILTIN\Administrators
\\lehi3\www$\AcademicCouncil\1990\90_04_17.htm, AcademicCouncil, .htm, 7686B, 2006/03/31, 1999/08/23, 2, BUILTIN\Administrators
\\lehi3\www$\AcademicCouncil\1990\90_05_01.htm, AcademicCouncil, .htm, 5259B, 2006/03/31, 1999/08/31, 2, BUILTIN\Administrators
\\lehi3\www$\AcademicCouncil\1990\90_05_02.htm, AcademicCouncil, .htm, 5951B, 2006/03/31, 1999/08/31, 2, BUILTIN\Administrators
\\lehi3\www$\AcademicCouncil\1990\90_05_08.htm, AcademicCouncil, .htm, 5595B, 2006/03/31, 1999/08/31, 2, BUILTIN\Administrators
\\lehi3\www$\AcademicCouncil\1990\90_05_15.htm, AcademicCouncil, .htm, 4262B, 2006/03/31, 1999/08/31, 2, BUILTIN\Administrators
\\lehi3\www$\AcademicCouncil\1990\90_05_22&25.htm, AcademicCouncil, .htm, 5446B, 2006/03/31, 1999/08/31, 2, BUILTIN\Administrators
\\lehi3\www$\AcademicCouncil\1990\90_05_22.htm, AcademicCouncil, .htm, 6072B, 2006/03/31, 1999/09/15, 2, BUILTIN\Administrators
\\lehi3\www$\AcademicCouncil\1990\90_06_12.htm, AcademicCouncil, .htm, 6349B, 2006/03/31, 1999/08/25, 2, BUILTIN\Administrators
\\lehi3\www$\AcademicCouncil\1990\90_07_10.htm, AcademicCouncil, .htm, 3682B, 2006/03/31, 1999/08/25, 2, BUILTIN\Administrators
\\lehi3\www$\AcademicCouncil\1990\90_08_14.htm, AcademicCouncil, .htm, 6519B, 2006/03/31, 1999/08/23, 2, BUILTIN\Administrators
\\lehi3\www$\AcademicCouncil\1990\90_09_11.htm, AcademicCouncil, .htm, 10677B, 2006/03/31, 1999/08/31, 2, BUILTIN\Administrators
\\lehi3\www$\AcademicCouncil\1990\90_09_13.htm, AcademicCouncil, .htm, 4019B, 2006/03/31, 1999/08/31, 2, BUILTIN\Administrators
\\lehi3\www$\AcademicCouncil\1990\90_09_18.htm, AcademicCouncil, .htm, 4662B, 2006/03/31, 1999/08/31, 2, BUILTIN\Administrators
\\lehi3\www$\AcademicCouncil\1990\90_09_20.htm, AcademicCouncil, .htm, 5795B, 2006/03/31, 1999/09/01, 2, BUILTIN\Administrators
\\lehi3\www$\AcademicCouncil\1990\90_09_25.htm, AcademicCouncil, .htm, 4426B, 2006/03/31, 1999/09/01, 2, BUILTIN\Administrators
\\lehi3\www$\AcademicCouncil\1990\90_10_02.htm, AcademicCouncil, .htm, 6985B, 2006/03/31, 1999/08/31, 2, BUILTIN\Administrators
\\lehi3\www$\AcademicCouncil\1990\90_10_16.htm, AcademicCouncil, .htm, 7647B, 2006/03/31, 1999/08/31, 2, BUILTIN\Administrators
\\lehi3\www$\AcademicCouncil\1990\90_10_23.htm, AcademicCouncil, .htm, 2180B, 2006/03/31, 1999/08/31, 2, BUILTIN\Administrators
\\lehi3\www$\AcademicCouncil\1990\90_10_30.htm, AcademicCouncil, .htm, 4274B, 2006/03/31, 1999/08/31, 2, BUILTIN\Administrators
\\lehi3\www$\AcademicCouncil\1990\90_11_08.htm, AcademicCouncil, .htm, 2360B, 2006/03/31, 1999/08/31, 2, BUILTIN\Administrators
\\lehi3\www$\AcademicCouncil\1990\90_11_13.htm, AcademicCouncil, .htm, 6649B, 2006/03/31, 1999/08/31, 2, BUILTIN\Administrators
\\lehi3\www$\AcademicCouncil\1990\90_11_20.htm, AcademicCouncil, .htm, 6770B, 2006/03/31, 1999/08/31, 2, BUILTIN\Administrators
\\lehi3\www$\AcademicCouncil\1990\90_11_27.htm, AcademicCouncil, .htm, 4591B, 2006/03/31, 1999/08/31, 2, BUILTIN\Administrators
\\lehi3\www$\AcademicCouncil\1990\90_12_04.htm, AcademicCouncil, .htm, 4533B, 2006/03/31, 1999/08/23, 2, BUILTIN\Administrators
\\lehi3\www$\AcademicCouncil\1990\90_12_06.htm, AcademicCouncil, .htm, 3501B, 2006/03/31, 1999/08/23, 2, BUILTIN\Administrators
\\lehi3\www$\AcademicCouncil\1990\90_12_13.htm, AcademicCouncil, .htm, 4839B, 2006/03/31, 1999/08/23, 2, BUILTIN\Administrators
\\lehi3\www$\AcademicCouncil\1990\90_12_18.htm, AcademicCouncil, .htm, 2580B, 2006/03/31, 1999/08/23, 2, BUILTIN\Administrators
\\lehi3\www$\AcademicCouncil\1990\90_12_20.htm, AcademicCouncil, .htm, 2370B, 2006/03/31, 1999/08/23, 2, BUILTIN\Administrators
\\lehi3\www$\AcademicCouncil\1991\91_01_08.htm, AcademicCouncil, .htm, 3170B, 2006/03/31, 1999/09/01, 2, BUILTIN\Administrators
\\lehi3\www$\AcademicCouncil\1991\91_01_15.htm, AcademicCouncil, .htm, 4878B, 2006/03/31, 1999/09/01, 2, BUILTIN\Administrators
\\lehi3\www$\AcademicCouncil\1991\91_01_22.htm, AcademicCouncil, .htm, 5279B, 2006/03/31, 1999/09/01, 2, BUILTIN\Administrators
\\lehi3\www$\AcademicCouncil\1991\91_01_29.htm, AcademicCouncil, .htm, 5903B, 2006/03/31, 1999/09/01, 2, BUILTIN\Administrators
\\lehi3\www$\AcademicCouncil\1991\91_02_12.htm, AcademicCouncil, .htm, 6188B, 2006/03/31, 1999/09/01, 2, BUILTIN\Administrators
\\lehi3\www$\AcademicCouncil\1991\91_02_19.htm, AcademicCouncil, .htm, 5785B, 2006/03/31, 1999/09/01, 2, BUILTIN\Administrators
\\lehi3\www$\AcademicCouncil\1991\91_02_26.htm, AcademicCouncil, .htm, 8436B, 2006/03/31, 1999/09/01, 2, BUILTIN\Administrators
\\lehi3\www$\AcademicCouncil\1991\91_03_19.htm, AcademicCouncil, .htm, 3171B, 2006/03/31, 1999/09/01, 2, BUILTIN\Administrators
\\lehi3\www$\AcademicCouncil\1991\91_03_21.htm, AcademicCouncil, .htm, 6450B, 2006/03/31, 1999/09/01, 2, BUILTIN\Administrators
\\lehi3\www$\AcademicCouncil\1991\91_03_26.htm, AcademicCouncil, .htm, 8240B, 2006/03/31, 1999/09/01, 2, BUILTIN\Administrators
\\lehi3\www$\AcademicCouncil\1991\91_04_02.htm, AcademicCouncil, .htm, 6053B, 2006/03/31, 1999/09/01, 2, BUILTIN\Administrators
\\lehi3\www$\AcademicCouncil\1991\91_04_09.htm, AcademicCouncil, .htm, 8743B, 2006/03/31, 1999/09/01, 2, BUILTIN\Administrators
\\lehi3\www$\AcademicCouncil\1991\91_04_18.htm, AcademicCouncil, .htm, 5180B, 2006/03/31, 1999/09/01, 2, BUILTIN\Administrators
\\lehi3\www$\AcademicCouncil\1991\91_04_30.htm, AcademicCouncil, .htm, 6007B, 2006/03/31, 1999/09/01, 2, BUILTIN\Administrators
\\lehi3\www$\AcademicCouncil\1991\91_05_06.htm, AcademicCouncil, .htm, 5497B, 2006/03/31, 1999/09/01, 2, BUILTIN\Administrators
\\lehi3\www$\AcademicCouncil\1991\91_05_07.htm, AcademicCouncil, .htm, 4224B, 2006/03/31, 1999/09/01, 2, BUILTIN\Administrators
\\lehi3\www$\AcademicCouncil\1991\91_05_08.htm, AcademicCouncil, .htm, 4543B, 2006/03/31, 1999/09/01, 2, BUILTIN\Administrators
\\lehi3\www$\AcademicCouncil\1991\91_05_13.htm, AcademicCouncil, .htm, 3976B, 2006/03/31, 1999/09/01, 2, BUILTIN\Administrators
\\lehi3\www$\AcademicCouncil\1991\91_05_17.htm, AcademicCouncil, .htm, 8571B, 2006/03/31, 1999/09/01, 2, BUILTIN\Administrators
\\lehi3\www$\AcademicCouncil\1991\91_05_20.htm, AcademicCouncil, .htm, 4020B, 2006/03/31, 1999/09/01, 2, BUILTIN\Administrators
\\lehi3\www$\AcademicCouncil\1991\91_05_21.htm, AcademicCouncil, .htm, 2990B, 2006/03/31, 1999/09/01, 2, BUILTIN\Administrators
\\lehi3\www$\AcademicCouncil\1991\91_05_22.htm, AcademicCouncil, .htm, 3813B, 2006/03/31, 1999/09/01, 2, BUILTIN\Administrators
\\lehi3\www$\AcademicCouncil\1991\91_05_29.htm, AcademicCouncil, .htm, 3052B, 2006/03/31, 1999/09/01, 2, BUILTIN\Administrators
\\lehi3\www$\AcademicCouncil\1991\91_05_30.htm, AcademicCouncil, .htm, 3660B, 2006/03/31, 1999/09/01, 2, BUILTIN\Administrators
\\lehi3\www$\AcademicCouncil\1991\91_06_11.htm, AcademicCouncil, .htm, 4912B, 2006/03/31, 1999/09/01, 2, BUILTIN\Administrators
\\lehi3\www$\AcademicCouncil\1991\91_07_30.htm, AcademicCouncil, .htm, 6686B, 2006/03/31, 1999/09/01, 2, BUILTIN\Administrators
\\lehi3\www$\AcademicCouncil\1991\91_08_13.htm, AcademicCouncil, .htm, 7377B, 2006/03/31, 1999/09/01, 2, BUILTIN\Administrators
\\lehi3\www$\AcademicCouncil\1991\91_08_15.htm, AcademicCouncil, .htm, 4883B, 2006/03/31, 1999/09/01, 2, BUILTIN\Administrators
\\lehi3\www$\AcademicCouncil\1992\92_04_29.htm, AcademicCouncil, .htm, 5308B, 2006/03/31, 1999/09/01, 2, BUILTIN\Administrators
\\lehi3\www$\AcademicCouncil\1992\92_05_13.htm, AcademicCouncil, .htm, 4305B, 2006/03/31, 1999/09/02, 2, BUILTIN\Administrators
\\lehi3\www$\AcademicCouncil\1992\92_05_19.htm, AcademicCouncil, .htm, 3919B, 2006/03/31, 1999/09/02, 2, BUILTIN\Administrators
\\lehi3\www$\AcademicCouncil\1992\92_05_20.htm, AcademicCouncil, .htm, 2931B, 2006/03/31, 1999/09/02, 2, BUILTIN\Administrators
\\lehi3\www$\AcademicCouncil\1992\92_05_21.htm, AcademicCouncil, .htm, 4974B, 2006/03/31, 1999/09/02, 2, BUILTIN\Administrators
